{
    "modules": [
        {
            "config": {
                "position": [
                    44,
                    66
                ]
            },
            "name": "New Model Object",
            "value": {
                "actionGroup": {
                    "_default0_list": false,
                    "_default1_show": false,
                    "_default2_new_create": false,
                    "_default3_edit_update": false,
                    "_default4_delete": false,
                    "customActions": []
                },
                "name": "Page",
                "objectsettings": {
                    "addDeletedField": false,
                    "addHiddenField": false,
                    "addStarttimeEndtimeFields": false,
                    "aggregateRoot": true,
                    "categorizable": false,
                    "description": "",
                    "mapToTable": "pages",
                    "parentClass": "",
                    "sorting": false,
                    "type": "Entity",
                    "uid": "154058516057"
                },
                "propertyGroup": {
                    "properties": [
                        {
                            "allowedFileTypes": "",
                            "maxItems": "1",
                            "propertyDescription": "Teaser Image",
                            "propertyIsExcludeField": true,
                            "propertyIsRequired": false,
                            "propertyName": "teaserimage",
                            "propertyType": "Image",
                            "uid": "12567440391"
                        },
                        {
                            "allowedFileTypes": "",
                            "maxItems": "1",
                            "propertyDescription": "Teaser Text",
                            "propertyIsExcludeField": true,
                            "propertyIsRequired": false,
                            "propertyName": "teasertext",
                            "propertyType": "RichText",
                            "uid": "1282460194886"
                        },
                        {
                            "allowedFileTypes": "",
                            "maxItems": "1",
                            "propertyDescription": "Text Only",
                            "propertyIsExcludeField": true,
                            "propertyIsRequired": false,
                            "propertyName": "textonly",
                            "propertyType": "Boolean",
                            "uid": "1148234686165"
                        },
                        {
                            "allowedFileTypes": "",
                            "maxItems": "1",
                            "propertyDescription": "Teaser Type",
                            "propertyIsExcludeField": true,
                            "propertyIsRequired": false,
                            "propertyName": "teasertype",
                            "propertyType": "Select",
                            "uid": "1143274274110"
                        }
                    ]
                },
                "relationGroup": {
                    "relations": []
                }
            }
        },
        {
            "config": {
                "position": [
                    326,
                    67
                ]
            },
            "name": "New Model Object",
            "value": {
                "actionGroup": {
                    "_default0_list": false,
                    "_default1_show": false,
                    "_default2_new_create": false,
                    "_default3_edit_update": false,
                    "_default4_delete": false,
                    "customActions": []
                },
                "name": "Content",
                "objectsettings": {
                    "addDeletedField": false,
                    "addHiddenField": false,
                    "addStarttimeEndtimeFields": false,
                    "aggregateRoot": true,
                    "categorizable": false,
                    "description": "",
                    "mapToTable": "tt_content",
                    "parentClass": "",
                    "sorting": false,
                    "type": "Entity",
                    "uid": "1464743031348"
                },
                "propertyGroup": {
                    "properties": [
                        {
                            "allowedFileTypes": "",
                            "maxItems": "1",
                            "propertyDescription": "Show Page",
                            "propertyIsExcludeField": true,
                            "propertyIsRequired": false,
                            "propertyName": "showpage",
                            "propertyType": "RichText",
                            "uid": "18555970739"
                        },
                        {
                            "allowedFileTypes": "",
                            "maxItems": "1",
                            "propertyDescription": "Mode",
                            "propertyIsExcludeField": true,
                            "propertyIsRequired": false,
                            "propertyName": "mode",
                            "propertyType": "Select",
                            "uid": "1481364905074"
                        }
                    ]
                },
                "relationGroup": {
                    "relations": []
                }
            }
        }
    ],
    "properties": {
        "backendModules": [],
        "description": "",
        "emConf": {
            "category": "plugin",
            "custom_category": "",
            "dependsOn": "typo3 => 8.7.0-8.7.99\n",
            "disableLocalization": false,
            "disableVersioning": false,
            "skipGenerateDocumentationTemplate": false,
            "sourceLanguage": "en",
            "state": "alpha",
            "targetVersion": "8.7.0-8.7.99",
            "version": "1.0.0"
        },
        "extensionKey": "cgb_teaser",
        "name": "CGB Teaser",
        "originalExtensionKey": "cgb_teaser",
        "originalVendorName": "CGB",
        "persons": [],
        "plugins": [],
        "vendorName": "CGB"
    },
    "wires": [],
    "log": {
        "last_modified": "2018-05-29 06:31",
        "extension_builder_version": "8.7.0",
        "be_user": " (1)"
    }
}